,IR,guitar_mapping,mic_mapping,excitation_type,excitation_length,has_ring,volume,if_params,weiner_params,acdw_params,Inverse_Filtering_Similarity_Melody,Inverse_Filtering_Correlation_Melody,Weiner_Similarity_Melody,Weiner_Correlation_Melody,ACDW_Similarity_Melody,ACDW_Correlation_Melody,Inverse_Filtering_Similarity_Chords,Inverse_Filtering_Correlation_Chords,Weiner_Similarity_Chords,Weiner_Correlation_Chords,ACDW_Similarity_Chords,ACDW_Correlation_Chords
0,Bird_Aspen_DH37_mic_to_good_takamine_EG523SC_mic,Bird_Aspen_DH37_to_good_takamine_EG523SC,mic_to_mic,sweep,3s_excitation,ring,loud,{'ir_length': np.int64(264600)},"{'ir_length': 22050, 'snr': None, 'window_cut': None}","{'ir_length': None, 'window_end': None}",5.327667424220904e-06,,3.18584660851915e-06,,3.0039023356813358e-06,,1.8039110433909262e-06,,2.7152516506473113e-06,,4.241105103414655e-06,
1,Bird_Aspen_DH37_piezo_to_good_takamine_EG523SC_mic,Bird_Aspen_DH37_to_good_takamine_EG523SC,piezo_to_mic,sweep,3s_excitation,ring,loud,{'ir_length': np.int64(264600)},"{'ir_length': np.int64(132300), 'snr': None, 'window_cut': None}","{'ir_length': None, 'window_end': None}",5.459186074167342e-06,,5.00440098084542e-06,,3.736971058748758e-06,,1.4298512883850112e-06,,2.858401516147137e-06,,3.284246209615831e-06,
2,Bird_Aspen_DH37_mic_to_good_takamine_EG523SC_mic,Bird_Aspen_DH37_to_good_takamine_EG523SC,mic_to_mic,sweep,3s_excitation,ring,med,{'ir_length': np.int64(132300)},"{'ir_length': np.int64(264600), 'snr': None, 'window_cut': None}","{'ir_length': None, 'window_end': None}",5.474116065852907e-06,,4.000477608112264e-06,,3.016070956846178e-06,,2.8146517537693144e-06,,2.454145317264412e-06,,4.612266632052817e-06,
3,Bird_Aspen_DH37_piezo_to_good_takamine_EG523SC_mic,Bird_Aspen_DH37_to_good_takamine_EG523SC,piezo_to_mic,sweep,3s_excitation,ring,med,{'ir_length': np.int64(264600)},"{'ir_length': np.int64(264600), 'snr': None, 'window_cut': None}","{'ir_length': None, 'window_end': None}",5.735361691643861e-06,,3.839336193474843e-06,,2.792268289267988e-06,,2.3068210605103495e-06,,2.2308530657074627e-06,,3.5002144466337543e-06,
4,Bird_Aspen_DH37_mic_to_good_takamine_EG523SC_mic,Bird_Aspen_DH37_to_good_takamine_EG523SC,mic_to_mic,sweep,3s_excitation,no_ring,loud,{'ir_length': np.int64(264600)},"{'ir_length': 22050, 'snr': None, 'window_cut': None}","{'ir_length': None, 'window_end': None}",4.289709932408936e-06,,2.4607084258950436e-06,,3.0392372897465872e-06,,2.1452682558753367e-06,,4.103688873710051e-06,,3.911075692985422e-06,
5,Bird_Aspen_DH37_piezo_to_good_takamine_EG523SC_mic,Bird_Aspen_DH37_to_good_takamine_EG523SC,piezo_to_mic,sweep,3s_excitation,no_ring,loud,{'ir_length': np.int64(132300)},"{'ir_length': 22050, 'snr': None, 'window_cut': None}","{'ir_length': None, 'window_end': None}",5.349390792564398e-06,,3.3973153968858804e-06,,5.004028288804564e-06,,2.7292568410742775e-06,,4.164401824284016e-06,,3.2468951399973504e-06,
6,Bird_Aspen_DH37_mic_to_good_takamine_EG523SC_mic,Bird_Aspen_DH37_to_good_takamine_EG523SC,mic_to_mic,sweep,3s_excitation,no_ring,med,{'ir_length': np.int64(264600)},"{'ir_length': np.int64(264600), 'snr': None, 'window_cut': None}","{'ir_length': None, 'window_end': None}",4.416881090519708e-06,,4.466259362094461e-06,,2.9617545681061067e-06,,1.6659080203296132e-06,,2.3413120935428525e-06,,4.182786873489326e-06,
7,Bird_Aspen_DH37_piezo_to_good_takamine_EG523SC_mic,Bird_Aspen_DH37_to_good_takamine_EG523SC,piezo_to_mic,sweep,3s_excitation,no_ring,med,{'ir_length': np.int64(264600)},"{'ir_length': np.int64(264600), 'snr': None, 'window_cut': None}","{'ir_length': None, 'window_end': None}",5.785598267292737e-06,,3.303127432848535e-06,,7.266947717546283e-06,,3.1505303138149316e-06,,2.6104867685611772e-06,,3.938125650296407e-06,
8,Bird_Aspen_DH37_mic_to_good_takamine_EG523SC_mic,Bird_Aspen_DH37_to_good_takamine_EG523SC,mic_to_mic,sweep,5s_excitation,ring,loud,{'ir_length': np.int64(264600)},"{'ir_length': 22050, 'snr': None, 'window_cut': None}","{'ir_length': None, 'window_end': None}",5.799955455119733e-06,,2.8374284761305495e-06,,2.8170556762602736e-06,,2.067867619034827e-06,,3.923290968609722e-06,,4.761616792420014e-06,
9,Bird_Aspen_DH37_piezo_to_good_takamine_EG523SC_mic,Bird_Aspen_DH37_to_good_takamine_EG523SC,piezo_to_mic,sweep,5s_excitation,ring,loud,{'ir_length': np.int64(264600)},"{'ir_length': np.int64(264600), 'snr': None, 'window_cut': None}","{'ir_length': None, 'window_end': None}",3.811072676666863e-06,,5.217666483454517e-06,,5.33328335546021e-06,,1.5516856914334962e-06,,2.367002268632409e-06,,4.211065084954315e-06,
10,Bird_Aspen_DH37_mic_to_good_takamine_EG523SC_mic,Bird_Aspen_DH37_to_good_takamine_EG523SC,mic_to_mic,sweep,5s_excitation,ring,med,{'ir_length': np.int64(264600)},"{'ir_length': np.int64(264600), 'snr': None, 'window_cut': None}","{'ir_length': None, 'window_end': None}",4.59022668584899e-06,,3.360438884336483e-06,,3.0258957439880097e-06,,2.003705124050004e-06,,2.465988755520499e-06,,4.588133892627343e-06,
11,Bird_Aspen_DH37_piezo_to_good_takamine_EG523SC_mic,Bird_Aspen_DH37_to_good_takamine_EG523SC,piezo_to_mic,sweep,5s_excitation,ring,med,{'ir_length': np.int64(88200)},"{'ir_length': 22050, 'snr': None, 'window_cut': None}","{'ir_length': None, 'window_end': None}",4.845692538589131e-06,,3.902612861523252e-06,,4.274045199773722e-06,,2.0548542125064253e-06,,2.4420307667780456e-06,,4.164573401462705e-06,
12,Bird_Aspen_DH37_mic_to_good_takamine_EG523SC_mic,Bird_Aspen_DH37_to_good_takamine_EG523SC,mic_to_mic,sweep,5s_excitation,no_ring,loud,{'ir_length': np.int64(264600)},"{'ir_length': 22050, 'snr': None, 'window_cut': None}","{'ir_length': None, 'window_end': None}",4.79149645558945e-06,,3.022391398867108e-06,,3.0808442448603515e-06,,2.0811262502970362e-06,,3.0246220766889235e-06,,4.026380934713433e-06,
13,Bird_Aspen_DH37_piezo_to_good_takamine_EG523SC_mic,Bird_Aspen_DH37_to_good_takamine_EG523SC,piezo_to_mic,sweep,5s_excitation,no_ring,loud,{'ir_length': np.int64(264600)},"{'ir_length': np.int64(132300), 'snr': None, 'window_cut': None}","{'ir_length': None, 'window_end': None}",5.584527324838307e-06,,4.285101041042744e-06,,5.930447565761339e-06,,2.576942512251329e-06,,3.688159225170819e-06,,4.1501061929948765e-06,
14,Bird_Aspen_DH37_mic_to_good_takamine_EG523SC_mic,Bird_Aspen_DH37_to_good_takamine_EG523SC,mic_to_mic,sweep,5s_excitation,no_ring,med,{'ir_length': np.int64(264600)},"{'ir_length': np.int64(264600), 'snr': None, 'window_cut': None}","{'ir_length': None, 'window_end': None}",6.4199367913833335e-06,,4.004163855245299e-06,,2.7892692413791737e-06,,1.755163895106332e-06,,2.6241449179187133e-06,,4.54385303400045e-06,
15,Bird_Aspen_DH37_piezo_to_good_takamine_EG523SC_mic,Bird_Aspen_DH37_to_good_takamine_EG523SC,piezo_to_mic,sweep,5s_excitation,no_ring,med,{'ir_length': np.int64(264600)},"{'ir_length': np.int64(264600), 'snr': None, 'window_cut': None}","{'ir_length': None, 'window_end': None}",4.835186512232978e-06,,3.5052225828059043e-06,,7.365798942072273e-06,,2.9040598851177807e-06,,2.9938526952160754e-06,,4.2462132363504474e-06,
16,Bird_Aspen_DH37_mic_to_good_takamine_EG523SC_mic,Bird_Aspen_DH37_to_good_takamine_EG523SC,mic_to_mic,sweep,10s_excitation,ring,loud,{'ir_length': np.int64(529200)},"{'ir_length': 22050, 'snr': None, 'window_cut': None}","{'ir_length': None, 'window_end': None}",5.7854620060462975e-06,,4.083681796589436e-06,,3.984699382812617e-06,,1.6534445582739107e-06,,2.685031832692037e-06,,3.1335503010052177e-06,
17,Bird_Aspen_DH37_piezo_to_good_takamine_EG523SC_mic,Bird_Aspen_DH37_to_good_takamine_EG523SC,piezo_to_mic,sweep,10s_excitation,ring,loud,{'ir_length': np.int64(529200)},"{'ir_length': np.int64(529200), 'snr': None, 'window_cut': None}","{'ir_length': None, 'window_end': None}",4.6906411164633805e-06,,4.637529042743653e-06,,3.6768370226775937e-06,,1.4086460915425335e-06,,1.8368127148751556e-06,,3.57771131186943e-06,
18,Bird_Aspen_DH37_mic_to_good_takamine_EG523SC_mic,Bird_Aspen_DH37_to_good_takamine_EG523SC,mic_to_mic,sweep,10s_excitation,ring,med,{'ir_length': np.int64(66150)},"{'ir_length': np.int64(529200), 'snr': None, 'window_cut': None}","{'ir_length': None, 'window_end': None}",3.990828887146897e-06,,4.919677054293124e-06,,4.211786778985315e-06,,2.5879024666745733e-06,,2.2754777021978714e-06,,2.7867706142581177e-06,
19,Bird_Aspen_DH37_piezo_to_good_takamine_EG523SC_mic,Bird_Aspen_DH37_to_good_takamine_EG523SC,piezo_to_mic,sweep,10s_excitation,ring,med,{'ir_length': np.int64(264600)},"{'ir_length': 22050, 'snr': None, 'window_cut': None}","{'ir_length': None, 'window_end': None}",5.3338501408519574e-06,,3.5843428505796466e-06,,4.03165538566376e-06,,1.906987791591742e-06,,3.730570716527189e-06,,3.7217961648875945e-06,
20,Bird_Aspen_DH37_mic_to_good_takamine_EG523SC_mic,Bird_Aspen_DH37_to_good_takamine_EG523SC,mic_to_mic,sweep,10s_excitation,no_ring,loud,{'ir_length': np.int64(105840)},"{'ir_length': 22050, 'snr': None, 'window_cut': None}","{'ir_length': None, 'window_end': None}",3.9401282830709974e-06,,4.1618183095300604e-06,,4.088563811965262e-06,,3.929446248845867e-06,,3.1019717480058184e-06,,2.8784664678437995e-06,
21,Bird_Aspen_DH37_piezo_to_good_takamine_EG523SC_mic,Bird_Aspen_DH37_to_good_takamine_EG523SC,piezo_to_mic,sweep,10s_excitation,no_ring,loud,{'ir_length': np.int64(529200)},"{'ir_length': np.int64(529200), 'snr': None, 'window_cut': None}","{'ir_length': None, 'window_end': None}",5.101250076369551e-06,,4.595593134843025e-06,,6.652639595688543e-06,,1.8047136776377743e-06,,2.907079490776613e-06,,4.3317671396963205e-06,
22,Bird_Aspen_DH37_mic_to_good_takamine_EG523SC_mic,Bird_Aspen_DH37_to_good_takamine_EG523SC,mic_to_mic,sweep,10s_excitation,no_ring,med,{'ir_length': np.int64(529200)},"{'ir_length': np.int64(529200), 'snr': None, 'window_cut': None}","{'ir_length': None, 'window_end': None}",3.1719400254081647e-06,,4.622305205947499e-06,,5.556943498060606e-06,,2.6575425236964357e-06,,1.9942780281680717e-06,,2.6907132387032367e-06,
23,Bird_Aspen_DH37_piezo_to_good_takamine_EG523SC_mic,Bird_Aspen_DH37_to_good_takamine_EG523SC,piezo_to_mic,sweep,10s_excitation,no_ring,med,{'ir_length': np.int64(529200)},"{'ir_length': np.int64(529200), 'snr': None, 'window_cut': None}","{'ir_length': None, 'window_end': None}",4.999972765154229e-06,,4.569603416197806e-06,,4.6257661670493325e-06,,3.4578262524350375e-06,,2.320555398454172e-06,,4.114366780720317e-06,
24,Bird_Aspen_DH37_mic_to_AJ_JJasmine_JF37CD_mic,Bird_Aspen_DH37_to_AJ_JJasmine_JF37CD,mic_to_mic,sweep,3s_excitation,ring,loud,{'ir_length': np.int64(29400)},"{'ir_length': 22050, 'snr': None, 'window_cut': None}","{'ir_length': None, 'window_end': None}",4.445282349193975e-06,,5.256345786277747e-06,,9.662621704092094e-06,,3.872180401642366e-06,,3.159499546952803e-06,,4.666114623661556e-06,
25,Bird_Aspen_DH37_piezo_to_AJ_JJasmine_JF37CD_mic,Bird_Aspen_DH37_to_AJ_JJasmine_JF37CD,piezo_to_mic,sweep,3s_excitation,ring,loud,{'ir_length': np.int64(66150)},"{'ir_length': 22050, 'snr': None, 'window_cut': None}","{'ir_length': None, 'window_end': None}",6.1512634253978044e-06,,4.0687667733430885e-06,,3.6697822987960402e-06,,2.391703697706737e-06,,2.1267254343505895e-06,,2.6607964464793898e-06,
26,Bird_Aspen_DH37_mic_to_AJ_JJasmine_JF37CD_mic,Bird_Aspen_DH37_to_AJ_JJasmine_JF37CD,mic_to_mic,sweep,3s_excitation,ring,med,{'ir_length': np.int64(66150)},"{'ir_length': 22050, 'snr': None, 'window_cut': None}","{'ir_length': None, 'window_end': None}",7.638263180338795e-06,,8.608407862869813e-06,,9.540488673132408e-06,,4.192195195864931e-06,,3.4247278051839374e-06,,4.38604000228129e-06,
27,Bird_Aspen_DH37_piezo_to_AJ_JJasmine_JF37CD_mic,Bird_Aspen_DH37_to_AJ_JJasmine_JF37CD,piezo_to_mic,sweep,3s_excitation,ring,med,{'ir_length': np.int64(29400)},"{'ir_length': np.int64(132300), 'snr': None, 'window_cut': None}","{'ir_length': None, 'window_end': None}",3.5338374289412224e-06,,6.606856151519392e-06,,5.310287109418574e-06,,2.9242895157044933e-06,,2.869013832288724e-06,,2.6481155649536725e-06,
28,Bird_Aspen_DH37_mic_to_AJ_JJasmine_JF37CD_mic,Bird_Aspen_DH37_to_AJ_JJasmine_JF37CD,mic_to_mic,sweep,3s_excitation,no_ring,loud,{'ir_length': np.int64(29400)},"{'ir_length': 22050, 'snr': None, 'window_cut': None}","{'ir_length': None, 'window_end': None}",5.4898204643589065e-06,,5.406628551644972e-06,,7.373441188839466e-06,,2.830958475228703e-06,,3.445111541292652e-06,,4.810015833168991e-06,
29,Bird_Aspen_DH37_piezo_to_AJ_JJasmine_JF37CD_mic,Bird_Aspen_DH37_to_AJ_JJasmine_JF37CD,piezo_to_mic,sweep,3s_excitation,no_ring,loud,{'ir_length': np.int64(37800)},"{'ir_length': 22050, 'snr': None, 'window_cut': None}","{'ir_length': None, 'window_end': None}",5.56375434414747e-06,,4.7299921957183265e-06,,2.294537271453379e-06,,3.284506825063541e-06,,3.5880392591749157e-06,,2.7032816853071176e-06,
30,Bird_Aspen_DH37_mic_to_AJ_JJasmine_JF37CD_mic,Bird_Aspen_DH37_to_AJ_JJasmine_JF37CD,mic_to_mic,sweep,3s_excitation,no_ring,med,{'ir_length': np.int64(29400)},"{'ir_length': 22050, 'snr': None, 'window_cut': None}","{'ir_length': None, 'window_end': None}",5.077077569809311e-06,,5.619519991225149e-06,,9.311920647484947e-06,,4.32751913273602e-06,,2.3749138899068477e-06,,5.278092994388364e-06,
31,Bird_Aspen_DH37_piezo_to_AJ_JJasmine_JF37CD_mic,Bird_Aspen_DH37_to_AJ_JJasmine_JF37CD,piezo_to_mic,sweep,3s_excitation,no_ring,med,{'ir_length': np.int64(29400)},"{'ir_length': 22050, 'snr': None, 'window_cut': None}","{'ir_length': None, 'window_end': None}",4.6334646504231625e-06,,5.80928200087109e-06,,2.3288534242907384e-06,,3.6915764943551537e-06,,3.458029543107118e-06,,3.0171475512964735e-06,
32,Bird_Aspen_DH37_mic_to_AJ_JJasmine_JF37CD_mic,Bird_Aspen_DH37_to_AJ_JJasmine_JF37CD,mic_to_mic,sweep,5s_excitation,ring,loud,{'ir_length': np.int64(29400)},"{'ir_length': 22050, 'snr': None, 'window_cut': None}","{'ir_length': None, 'window_end': None}",5.349046201752905e-06,,6.387488060091054e-06,,7.404784637754769e-06,,4.840012473256371e-06,,3.5625543897913715e-06,,4.050296985043485e-06,
33,Bird_Aspen_DH37_piezo_to_AJ_JJasmine_JF37CD_mic,Bird_Aspen_DH37_to_AJ_JJasmine_JF37CD,piezo_to_mic,sweep,5s_excitation,ring,loud,{'ir_length': np.int64(44100)},"{'ir_length': 22050, 'snr': None, 'window_cut': None}","{'ir_length': None, 'window_end': None}",6.2630705946015705e-06,,5.886911444874082e-06,,2.777345935159481e-06,,2.613045429821097e-06,,3.2515057137703638e-06,,2.8539011938653567e-06,
34,Bird_Aspen_DH37_mic_to_AJ_JJasmine_JF37CD_mic,Bird_Aspen_DH37_to_AJ_JJasmine_JF37CD,mic_to_mic,sweep,5s_excitation,ring,med,{'ir_length': np.int64(33075)},"{'ir_length': 22050, 'snr': None, 'window_cut': None}","{'ir_length': None, 'window_end': None}",6.501291883865476e-06,,5.233848866328208e-06,,8.502967494794614e-06,,4.30726478578799e-06,,3.827612142195892e-06,,4.325475957701001e-06,
35,Bird_Aspen_DH37_piezo_to_AJ_JJasmine_JF37CD_mic,Bird_Aspen_DH37_to_AJ_JJasmine_JF37CD,piezo_to_mic,sweep,5s_excitation,ring,med,{'ir_length': np.int64(44100)},"{'ir_length': np.int64(264600), 'snr': None, 'window_cut': None}","{'ir_length': None, 'window_end': None}",5.40322839107919e-06,,5.45978029947652e-06,,3.117336765435245e-06,,3.423960078213236e-06,,2.1466587325908753e-06,,2.780123425454016e-06,
36,Bird_Aspen_DH37_mic_to_AJ_JJasmine_JF37CD_mic,Bird_Aspen_DH37_to_AJ_JJasmine_JF37CD,mic_to_mic,sweep,5s_excitation,no_ring,loud,{'ir_length': np.int64(29400)},"{'ir_length': 22050, 'snr': None, 'window_cut': None}","{'ir_length': None, 'window_end': None}",5.0115201304682705e-06,,5.518385272462852e-06,,7.663834521046874e-06,,2.7164501419619826e-06,,4.00304543375894e-06,,4.781116845720245e-06,
37,Bird_Aspen_DH37_piezo_to_AJ_JJasmine_JF37CD_mic,Bird_Aspen_DH37_to_AJ_JJasmine_JF37CD,piezo_to_mic,sweep,5s_excitation,no_ring,loud,{'ir_length': np.int64(33075)},"{'ir_length': 22050, 'snr': None, 'window_cut': None}","{'ir_length': None, 'window_end': None}",4.192811163457037e-06,,5.174828327840183e-06,,2.267204161706223e-06,,2.913895853496581e-06,,3.5737362246166462e-06,,2.837851112944361e-06,
38,Bird_Aspen_DH37_mic_to_AJ_JJasmine_JF37CD_mic,Bird_Aspen_DH37_to_AJ_JJasmine_JF37CD,mic_to_mic,sweep,5s_excitation,no_ring,med,{'ir_length': np.int64(29400)},"{'ir_length': 22050, 'snr': None, 'window_cut': None}","{'ir_length': None, 'window_end': None}",7.5721818259261294e-06,,8.321535785637237e-06,,8.018163283676344e-06,,4.64553169488073e-06,,2.7328892044972066e-06,,4.890162259260526e-06,
39,Bird_Aspen_DH37_piezo_to_AJ_JJasmine_JF37CD_mic,Bird_Aspen_DH37_to_AJ_JJasmine_JF37CD,piezo_to_mic,sweep,5s_excitation,no_ring,med,{'ir_length': np.int64(52920)},"{'ir_length': 22050, 'snr': None, 'window_cut': None}","{'ir_length': None, 'window_end': None}",4.74765952558588e-06,,5.604295760294953e-06,,2.3898236723232547e-06,,3.614236752716675e-06,,3.1510331698349533e-06,,3.237971774219674e-06,
40,Bird_Aspen_DH37_mic_to_AJ_JJasmine_JF37CD_mic,Bird_Aspen_DH37_to_AJ_JJasmine_JF37CD,mic_to_mic,sweep,10s_excitation,ring,loud,{'ir_length': np.int64(264600)},"{'ir_length': np.int64(264600), 'snr': None, 'window_cut': None}","{'ir_length': None, 'window_end': None}",5.478682118132441e-06,,5.9509631697980516e-06,,8.860745409769903e-06,,2.753143326155817e-06,,3.920838024480051e-06,,4.252592520288376e-06,
41,Bird_Aspen_DH37_piezo_to_AJ_JJasmine_JF37CD_mic,Bird_Aspen_DH37_to_AJ_JJasmine_JF37CD,piezo_to_mic,sweep,10s_excitation,ring,loud,{'ir_length': np.int64(58800)},"{'ir_length': 22050, 'snr': None, 'window_cut': None}","{'ir_length': None, 'window_end': None}",5.860756916920331e-06,,6.232567125774873e-06,,3.16419631183169e-06,,3.5303345940020056e-06,,2.8487483932861087e-06,,2.7552966835391543e-06,
42,Bird_Aspen_DH37_mic_to_AJ_JJasmine_JF37CD_mic,Bird_Aspen_DH37_to_AJ_JJasmine_JF37CD,mic_to_mic,sweep,10s_excitation,ring,med,{'ir_length': np.int64(132300)},"{'ir_length': 22050, 'snr': None, 'window_cut': None}","{'ir_length': None, 'window_end': None}",5.286092946671887e-06,,5.156829293664066e-06,,5.229224770313402e-06,,3.465876721709778e-06,,3.1174055827004252e-06,,4.288753410433491e-06,
43,Bird_Aspen_DH37_piezo_to_AJ_JJasmine_JF37CD_mic,Bird_Aspen_DH37_to_AJ_JJasmine_JF37CD,piezo_to_mic,sweep,10s_excitation,ring,med,{'ir_length': np.int64(58800)},"{'ir_length': np.int64(264600), 'snr': None, 'window_cut': None}","{'ir_length': None, 'window_end': None}",5.984716574752054e-06,,3.6846193571395297e-06,,2.9230025841022045e-06,,2.8649214143276584e-06,,2.5266765827124833e-06,,2.9225826078615014e-06,
44,Bird_Aspen_DH37_mic_to_AJ_JJasmine_JF37CD_mic,Bird_Aspen_DH37_to_AJ_JJasmine_JF37CD,mic_to_mic,sweep,10s_excitation,no_ring,loud,{'ir_length': np.int64(58800)},"{'ir_length': 22050, 'snr': None, 'window_cut': None}","{'ir_length': None, 'window_end': None}",6.811220790852264e-06,,5.880270847214035e-06,,5.0638254291662085e-06,,3.091438763771741e-06,,3.720942720821356e-06,,4.159412549835475e-06,
45,Bird_Aspen_DH37_piezo_to_AJ_JJasmine_JF37CD_mic,Bird_Aspen_DH37_to_AJ_JJasmine_JF37CD,piezo_to_mic,sweep,10s_excitation,no_ring,loud,{'ir_length': np.int64(75600)},"{'ir_length': 22050, 'snr': None, 'window_cut': None}","{'ir_length': None, 'window_end': None}",6.7998033969169e-06,,6.125416406219721e-06,,2.4981403851943446e-06,,2.473053556747813e-06,,3.99596957964025e-06,,3.418322228691322e-06,
46,Bird_Aspen_DH37_mic_to_AJ_JJasmine_JF37CD_mic,Bird_Aspen_DH37_to_AJ_JJasmine_JF37CD,mic_to_mic,sweep,10s_excitation,no_ring,med,{'ir_length': np.int64(529200)},"{'ir_length': np.int64(529200), 'snr': None, 'window_cut': None}","{'ir_length': None, 'window_end': None}",5.2618126250122495e-06,,4.819910469741754e-06,,7.588277298520083e-06,,3.5672428217846216e-06,,2.708143172656792e-06,,4.719905125843355e-06,
47,Bird_Aspen_DH37_piezo_to_AJ_JJasmine_JF37CD_mic,Bird_Aspen_DH37_to_AJ_JJasmine_JF37CD,piezo_to_mic,sweep,10s_excitation,no_ring,med,{'ir_length': np.int64(88200)},"{'ir_length': 22050, 'snr': None, 'window_cut': None}","{'ir_length': None, 'window_end': None}",5.920053455110178e-06,,5.076991524781693e-06,,2.4438362742625017e-06,,2.5885450356217792e-06,,2.788045773190202e-06,,3.2733962995941175e-06,
48,good_takamine_EG523SC_mic_to_Bird_Aspen_DH37_mic,good_takamine_EG523SC_to_Bird_Aspen_DH37,mic_to_mic,sweep,3s_excitation,ring,loud,{'ir_length': np.int64(33075)},"{'ir_length': np.int64(264600), 'snr': None, 'window_cut': None}","{'ir_length': None, 'window_end': None}",8.020727070302959e-06,,4.611508527249995e-06,,5.331154173619701e-06,,3.5402926353813028e-06,,4.27700162487177e-06,,2.9956949997145885e-06,
49,good_takamine_EG523SC_piezo_to_Bird_Aspen_DH37_mic,good_takamine_EG523SC_to_Bird_Aspen_DH37,piezo_to_mic,sweep,3s_excitation,ring,loud,{'ir_length': np.int64(33075)},"{'ir_length': 22050, 'snr': None, 'window_cut': None}","{'ir_length': None, 'window_end': None}",4.178873155256683e-06,,4.109027921032133e-06,,4.095022782379803e-06,,2.490076381260291e-06,,2.6096676025946787e-06,,3.3863467302658866e-06,
50,good_takamine_EG523SC_mic_to_Bird_Aspen_DH37_mic,good_takamine_EG523SC_to_Bird_Aspen_DH37,mic_to_mic,sweep,3s_excitation,ring,med,{'ir_length': np.int64(33075)},"{'ir_length': np.int64(264600), 'snr': None, 'window_cut': None}","{'ir_length': None, 'window_end': None}",7.820567515344763e-06,,4.78077232234031e-06,,4.7899045984023724e-06,,4.81124015969289e-06,,3.41390383290419e-06,,2.861377284833437e-06,
51,good_takamine_EG523SC_piezo_to_Bird_Aspen_DH37_mic,good_takamine_EG523SC_to_Bird_Aspen_DH37,piezo_to_mic,sweep,3s_excitation,ring,med,{'ir_length': np.int64(66150)},"{'ir_length': 22050, 'snr': None, 'window_cut': None}","{'ir_length': None, 'window_end': None}",7.270334524453092e-06,,3.88665188259368e-06,,3.86862757141614e-06,,4.619602178304706e-06,,2.2563358751121083e-06,,5.232606065535057e-06,
52,good_takamine_EG523SC_mic_to_Bird_Aspen_DH37_mic,good_takamine_EG523SC_to_Bird_Aspen_DH37,mic_to_mic,sweep,3s_excitation,no_ring,loud,{'ir_length': np.int64(132300)},"{'ir_length': np.int64(264600), 'snr': None, 'window_cut': None}","{'ir_length': None, 'window_end': None}",4.753520212719034e-06,,7.870229984746322e-06,,5.9238093094591085e-06,,2.234989103811951e-06,,2.4146737295086317e-06,,2.436255154640458e-06,
53,good_takamine_EG523SC_piezo_to_Bird_Aspen_DH37_mic,good_takamine_EG523SC_to_Bird_Aspen_DH37,piezo_to_mic,sweep,3s_excitation,no_ring,loud,{'ir_length': np.int64(29400)},"{'ir_length': 22050, 'snr': None, 'window_cut': None}","{'ir_length': None, 'window_end': None}",4.703677067329762e-06,,4.965981888687878e-06,,2.5404380254926484e-06,,3.910006690088929e-06,,3.426698116025216e-06,,2.9808766576277667e-06,
54,good_takamine_EG523SC_mic_to_Bird_Aspen_DH37_mic,good_takamine_EG523SC_to_Bird_Aspen_DH37,mic_to_mic,sweep,3s_excitation,no_ring,med,{'ir_length': np.int64(264600)},"{'ir_length': np.int64(264600), 'snr': None, 'window_cut': None}","{'ir_length': None, 'window_end': None}",5.51982657709834e-06,,5.194749112928957e-06,,5.052016743548648e-06,,1.968371921987067e-06,,2.8139005326267553e-06,,2.621698163953733e-06,
55,good_takamine_EG523SC_piezo_to_Bird_Aspen_DH37_mic,good_takamine_EG523SC_to_Bird_Aspen_DH37,piezo_to_mic,sweep,3s_excitation,no_ring,med,{'ir_length': np.int64(44100)},"{'ir_length': 22050, 'snr': None, 'window_cut': None}","{'ir_length': None, 'window_end': None}",5.529139822997591e-06,,5.044257617498212e-06,,4.121445241954372e-06,,2.535033886418776e-06,,2.5703557847328234e-06,,2.3872080231489014e-06,
56,good_takamine_EG523SC_mic_to_Bird_Aspen_DH37_mic,good_takamine_EG523SC_to_Bird_Aspen_DH37,mic_to_mic,sweep,5s_excitation,ring,loud,{'ir_length': np.int64(52920)},"{'ir_length': np.int64(264600), 'snr': None, 'window_cut': None}","{'ir_length': None, 'window_end': None}",5.77344543870725e-06,,4.9675162885553725e-06,,5.954435095430976e-06,,3.0622594306437187e-06,,2.642804488320283e-06,,2.8289050998238603e-06,
57,good_takamine_EG523SC_piezo_to_Bird_Aspen_DH37_mic,good_takamine_EG523SC_to_Bird_Aspen_DH37,piezo_to_mic,sweep,5s_excitation,ring,loud,{'ir_length': np.int64(88200)},"{'ir_length': 22050, 'snr': None, 'window_cut': None}","{'ir_length': None, 'window_end': None}",3.883218507724348e-06,,5.046333096470522e-06,,3.9163240510625815e-06,,2.38483570512377e-06,,2.548801422370252e-06,,5.356821136253092e-06,
58,good_takamine_EG523SC_mic_to_Bird_Aspen_DH37_mic,good_takamine_EG523SC_to_Bird_Aspen_DH37,mic_to_mic,sweep,5s_excitation,ring,med,{'ir_length': np.int64(37800)},"{'ir_length': 22050, 'snr': None, 'window_cut': None}","{'ir_length': None, 'window_end': None}",6.068034009050945e-06,,3.4558752316550706e-06,,5.694510650796225e-06,,2.746811826059446e-06,,3.325550622496532e-06,,2.9060913192130127e-06,
59,good_takamine_EG523SC_piezo_to_Bird_Aspen_DH37_mic,good_takamine_EG523SC_to_Bird_Aspen_DH37,piezo_to_mic,sweep,5s_excitation,ring,med,{'ir_length': np.int64(52920)},"{'ir_length': 22050, 'snr': None, 'window_cut': None}","{'ir_length': None, 'window_end': None}",5.445845368832715e-06,,5.592158045260874e-06,,3.9376073827132425e-06,,3.2654664599006826e-06,,3.7322442722304426e-06,,4.2145030766281204e-06,
60,good_takamine_EG523SC_mic_to_Bird_Aspen_DH37_mic,good_takamine_EG523SC_to_Bird_Aspen_DH37,mic_to_mic,sweep,5s_excitation,no_ring,loud,{'ir_length': np.int64(66150)},"{'ir_length': np.int64(264600), 'snr': None, 'window_cut': None}","{'ir_length': None, 'window_end': None}",5.346366354215235e-06,,8.206197942482152e-06,,5.960533902475982e-06,,2.268581419854545e-06,,2.6476360405014394e-06,,2.8191916238307257e-06,
61,good_takamine_EG523SC_piezo_to_Bird_Aspen_DH37_mic,good_takamine_EG523SC_to_Bird_Aspen_DH37,piezo_to_mic,sweep,5s_excitation,no_ring,loud,{'ir_length': np.int64(33075)},"{'ir_length': 22050, 'snr': None, 'window_cut': None}","{'ir_length': None, 'window_end': None}",2.3045778125621676e-06,,2.7175564420256585e-06,,2.2554229492733186e-06,,4.686323628694977e-06,,2.685051969212431e-06,,3.1084844945797786e-06,
62,good_takamine_EG523SC_mic_to_Bird_Aspen_DH37_mic,good_takamine_EG523SC_to_Bird_Aspen_DH37,mic_to_mic,sweep,5s_excitation,no_ring,med,{'ir_length': np.int64(29400)},"{'ir_length': 22050, 'snr': None, 'window_cut': None}","{'ir_length': None, 'window_end': None}",4.974438079433121e-06,,5.042071660776522e-06,,4.283820535498157e-06,,2.650966629802467e-06,,3.102106293425358e-06,,2.6409952468491587e-06,
63,good_takamine_EG523SC_piezo_to_Bird_Aspen_DH37_mic,good_takamine_EG523SC_to_Bird_Aspen_DH37,piezo_to_mic,sweep,5s_excitation,no_ring,med,{'ir_length': np.int64(132300)},"{'ir_length': 22050, 'snr': None, 'window_cut': None}","{'ir_length': None, 'window_end': None}",4.1417254440908655e-06,,3.3069072017321437e-06,,3.160215817224074e-06,,2.3960659779318785e-06,,2.503501048503782e-06,,2.4207140786764236e-06,
64,good_takamine_EG523SC_mic_to_Bird_Aspen_DH37_mic,good_takamine_EG523SC_to_Bird_Aspen_DH37,mic_to_mic,sweep,10s_excitation,ring,loud,{'ir_length': np.int64(529200)},"{'ir_length': 22050, 'snr': None, 'window_cut': None}","{'ir_length': None, 'window_end': None}",5.1861112179056e-06,,6.7429024038302894e-06,,9.977884401453201e-06,,2.5745706962771046e-06,,3.9502396711275084e-06,,2.813482943544149e-06,
65,good_takamine_EG523SC_piezo_to_Bird_Aspen_DH37_mic,good_takamine_EG523SC_to_Bird_Aspen_DH37,piezo_to_mic,sweep,10s_excitation,ring,loud,{'ir_length': np.int64(75600)},"{'ir_length': 22050, 'snr': None, 'window_cut': None}","{'ir_length': None, 'window_end': None}",3.288777981283685e-06,,5.688788800443777e-06,,3.2722705960722524e-06,,3.6960008119638993e-06,,3.1034073192926353e-06,,5.8714491755021385e-06,
66,good_takamine_EG523SC_mic_to_Bird_Aspen_DH37_mic,good_takamine_EG523SC_to_Bird_Aspen_DH37,mic_to_mic,sweep,10s_excitation,ring,med,{'ir_length': np.int64(529200)},"{'ir_length': 22050, 'snr': None, 'window_cut': None}","{'ir_length': None, 'window_end': None}",5.0393529037964426e-06,,9.20203613810351e-06,,9.588489142385972e-06,,1.9006427288998552e-06,,2.27890739347225e-06,,2.3820594656614796e-06,
67,good_takamine_EG523SC_piezo_to_Bird_Aspen_DH37_mic,good_takamine_EG523SC_to_Bird_Aspen_DH37,piezo_to_mic,sweep,10s_excitation,ring,med,{'ir_length': np.int64(105840)},"{'ir_length': 22050, 'snr': None, 'window_cut': None}","{'ir_length': None, 'window_end': None}",3.997663216728635e-06,,2.757908928578744e-06,,3.523262674634559e-06,,3.6481012147741778e-06,,2.2869252973521652e-06,,4.578535618039131e-06,
68,good_takamine_EG523SC_mic_to_Bird_Aspen_DH37_mic,good_takamine_EG523SC_to_Bird_Aspen_DH37,mic_to_mic,sweep,10s_excitation,no_ring,loud,{'ir_length': np.int64(529200)},"{'ir_length': np.int64(529200), 'snr': None, 'window_cut': None}","{'ir_length': None, 'window_end': None}",4.884613411901117e-06,,3.29967976503452e-06,,9.850016422763032e-06,,1.6544875351540962e-06,,2.028172924435382e-06,,2.6458086545798427e-06,
69,good_takamine_EG523SC_piezo_to_Bird_Aspen_DH37_mic,good_takamine_EG523SC_to_Bird_Aspen_DH37,piezo_to_mic,sweep,10s_excitation,no_ring,loud,{'ir_length': np.int64(132300)},"{'ir_length': np.int64(264600), 'snr': None, 'window_cut': None}","{'ir_length': None, 'window_end': None}",6.85188567289461e-06,,5.251895595438558e-06,,3.3686379356820465e-06,,3.4763024285744844e-06,,3.88307744659766e-06,,4.222993029811902e-06,
70,good_takamine_EG523SC_mic_to_Bird_Aspen_DH37_mic,good_takamine_EG523SC_to_Bird_Aspen_DH37,mic_to_mic,sweep,10s_excitation,no_ring,med,{'ir_length': np.int64(529200)},"{'ir_length': 22050, 'snr': None, 'window_cut': None}","{'ir_length': None, 'window_end': None}",4.261926951490572e-06,,3.5236078581156746e-06,,7.754777384825226e-06,,1.9295052188754687e-06,,2.7304613257641886e-06,,2.479901706759966e-06,
71,good_takamine_EG523SC_piezo_to_Bird_Aspen_DH37_mic,good_takamine_EG523SC_to_Bird_Aspen_DH37,piezo_to_mic,sweep,10s_excitation,no_ring,med,{'ir_length': np.int64(132300)},"{'ir_length': 22050, 'snr': None, 'window_cut': None}","{'ir_length': None, 'window_end': None}",6.626917211780483e-06,,2.9559696750574063e-06,,3.9305302958765e-06,,1.9058939190145017e-06,,2.562009209294361e-06,,2.385677095672929e-06,
72,good_takamine_EG523SC_mic_to_AJ_JJasmine_JF37CD_mic,good_takamine_EG523SC_to_AJ_JJasmine_JF37CD,mic_to_mic,sweep,3s_excitation,ring,loud,{'ir_length': np.int64(29400)},"{'ir_length': 22050, 'snr': None, 'window_cut': None}","{'ir_length': None, 'window_end': None}",2.579776775434232e-06,,3.4542550764569965e-06,,1.873148288176192e-06,,4.197548585067289e-06,,4.5012391172593595e-06,,6.147426947410527e-06,
73,good_takamine_EG523SC_piezo_to_AJ_JJasmine_JF37CD_mic,good_takamine_EG523SC_to_AJ_JJasmine_JF37CD,piezo_to_mic,sweep,3s_excitation,ring,loud,{'ir_length': np.int64(132300)},"{'ir_length': 22050, 'snr': None, 'window_cut': None}","{'ir_length': None, 'window_end': None}",2.6181642247618083e-06,,3.6132540313463945e-06,,3.3829836246932214e-06,,2.3347356602966246e-06,,2.1788275866351562e-06,,3.2120456812305733e-06,
74,good_takamine_EG523SC_mic_to_AJ_JJasmine_JF37CD_mic,good_takamine_EG523SC_to_AJ_JJasmine_JF37CD,mic_to_mic,sweep,3s_excitation,ring,med,{'ir_length': np.int64(29400)},"{'ir_length': 22050, 'snr': None, 'window_cut': None}","{'ir_length': None, 'window_end': None}",2.2650294092176593e-06,,2.8055980619753452e-06,,1.8865281833472843e-06,,3.5567497256833756e-06,,4.606550065612506e-06,,6.285917920602927e-06,
75,good_takamine_EG523SC_piezo_to_AJ_JJasmine_JF37CD_mic,good_takamine_EG523SC_to_AJ_JJasmine_JF37CD,piezo_to_mic,sweep,3s_excitation,ring,med,{'ir_length': np.int64(44100)},"{'ir_length': 22050, 'snr': None, 'window_cut': None}","{'ir_length': None, 'window_end': None}",7.821132333504245e-06,,3.4011817960348298e-06,,3.3151524949267517e-06,,4.687721260877895e-06,,2.131603099841068e-06,,4.1454831535414045e-06,
76,good_takamine_EG523SC_mic_to_AJ_JJasmine_JF37CD_mic,good_takamine_EG523SC_to_AJ_JJasmine_JF37CD,mic_to_mic,sweep,3s_excitation,no_ring,loud,{'ir_length': np.int64(33075)},"{'ir_length': 22050, 'snr': None, 'window_cut': None}","{'ir_length': None, 'window_end': None}",2.237612094512546e-06,,2.609743227575101e-06,,1.962903837262651e-06,,3.52845656533272e-06,,4.445898521249593e-06,,6.031533725386142e-06,
77,good_takamine_EG523SC_piezo_to_AJ_JJasmine_JF37CD_mic,good_takamine_EG523SC_to_AJ_JJasmine_JF37CD,piezo_to_mic,sweep,3s_excitation,no_ring,loud,{'ir_length': np.int64(264600)},"{'ir_length': 22050, 'snr': None, 'window_cut': None}","{'ir_length': None, 'window_end': None}",3.3780352024158895e-06,,5.193459431321342e-06,,1.999278677892693e-06,,2.9975108270341038e-06,,4.506587840814266e-06,,5.77310014277289e-06,
78,good_takamine_EG523SC_mic_to_AJ_JJasmine_JF37CD_mic,good_takamine_EG523SC_to_AJ_JJasmine_JF37CD,mic_to_mic,sweep,3s_excitation,no_ring,med,{'ir_length': np.int64(33075)},"{'ir_length': 22050, 'snr': None, 'window_cut': None}","{'ir_length': None, 'window_end': None}",3.1292033393985082e-06,,3.1665866246702013e-06,,1.8996650320230249e-06,,3.829950089805168e-06,,4.556258480224614e-06,,6.085797314718553e-06,
79,good_takamine_EG523SC_piezo_to_AJ_JJasmine_JF37CD_mic,good_takamine_EG523SC_to_AJ_JJasmine_JF37CD,piezo_to_mic,sweep,3s_excitation,no_ring,med,{'ir_length': np.int64(33075)},"{'ir_length': np.int64(88200), 'snr': None, 'window_cut': None}","{'ir_length': None, 'window_end': None}",5.347134497938846e-06,,6.501337513967434e-06,,3.9818827453947355e-06,,2.2736002883420987e-06,,4.470250328325653e-06,,4.049854409922304e-06,
80,good_takamine_EG523SC_mic_to_AJ_JJasmine_JF37CD_mic,good_takamine_EG523SC_to_AJ_JJasmine_JF37CD,mic_to_mic,sweep,5s_excitation,ring,loud,{'ir_length': np.int64(29400)},"{'ir_length': 22050, 'snr': None, 'window_cut': None}","{'ir_length': None, 'window_end': None}",1.934084563644773e-06,,2.4513315633098196e-06,,1.9289789054381834e-06,,4.407319280777265e-06,,4.711015763659712e-06,,5.705433108354318e-06,
81,good_takamine_EG523SC_piezo_to_AJ_JJasmine_JF37CD_mic,good_takamine_EG523SC_to_AJ_JJasmine_JF37CD,piezo_to_mic,sweep,5s_excitation,ring,loud,{'ir_length': np.int64(132300)},"{'ir_length': 22050, 'snr': None, 'window_cut': None}","{'ir_length': None, 'window_end': None}",3.621845630538524e-06,,5.9350110511112776e-06,,3.2750610950375e-06,,3.756331217307228e-06,,3.4895040247840806e-06,,3.1231603936938083e-06,
82,good_takamine_EG523SC_mic_to_AJ_JJasmine_JF37CD_mic,good_takamine_EG523SC_to_AJ_JJasmine_JF37CD,mic_to_mic,sweep,5s_excitation,ring,med,{'ir_length': np.int64(264600)},"{'ir_length': 22050, 'snr': None, 'window_cut': None}","{'ir_length': None, 'window_end': None}",1.9543769311719504e-06,,2.4190357171781343e-06,,1.9520290927133383e-06,,2.1184630867188623e-06,,4.675532273311626e-06,,6.230998348563222e-06,
83,good_takamine_EG523SC_piezo_to_AJ_JJasmine_JF37CD_mic,good_takamine_EG523SC_to_AJ_JJasmine_JF37CD,piezo_to_mic,sweep,5s_excitation,ring,med,{'ir_length': np.int64(33075)},"{'ir_length': 22050, 'snr': None, 'window_cut': None}","{'ir_length': None, 'window_end': None}",7.447814132117997e-06,,4.353486131081537e-06,,3.222127914133313e-06,,2.2056545674449116e-06,,2.6796920208494887e-06,,3.68860088741656e-06,
84,good_takamine_EG523SC_mic_to_AJ_JJasmine_JF37CD_mic,good_takamine_EG523SC_to_AJ_JJasmine_JF37CD,mic_to_mic,sweep,5s_excitation,no_ring,loud,{'ir_length': np.int64(52920)},"{'ir_length': 22050, 'snr': None, 'window_cut': None}","{'ir_length': None, 'window_end': None}",1.99075570769499e-06,,2.7438979551497325e-06,,1.9237449315073566e-06,,3.5237169671579603e-06,,4.181653164284456e-06,,6.41773534364657e-06,
85,good_takamine_EG523SC_piezo_to_AJ_JJasmine_JF37CD_mic,good_takamine_EG523SC_to_AJ_JJasmine_JF37CD,piezo_to_mic,sweep,5s_excitation,no_ring,loud,{'ir_length': np.int64(264600)},"{'ir_length': np.int64(264600), 'snr': None, 'window_cut': None}","{'ir_length': None, 'window_end': None}",2.748435061731373e-06,,3.866777659010002e-06,,1.9927781353010298e-06,,2.74648160910104e-06,,2.1376759961737375e-06,,5.808036619801601e-06,
86,good_takamine_EG523SC_mic_to_AJ_JJasmine_JF37CD_mic,good_takamine_EG523SC_to_AJ_JJasmine_JF37CD,mic_to_mic,sweep,5s_excitation,no_ring,med,{'ir_length': np.int64(33075)},"{'ir_length': 22050, 'snr': None, 'window_cut': None}","{'ir_length': None, 'window_end': None}",2.676484139203508e-06,,3.357319319033273e-06,,1.8904196775517044e-06,,3.7593201090934245e-06,,4.290779727295805e-06,,6.1450002627628285e-06,
87,good_takamine_EG523SC_piezo_to_AJ_JJasmine_JF37CD_mic,good_takamine_EG523SC_to_AJ_JJasmine_JF37CD,piezo_to_mic,sweep,5s_excitation,no_ring,med,{'ir_length': np.int64(132300)},"{'ir_length': 22050, 'snr': None, 'window_cut': None}","{'ir_length': None, 'window_end': None}",4.316424816899214e-06,,4.361626004670781e-06,,2.9397633883979407e-06,,2.302874216274802e-06,,4.8071113352151525e-06,,3.8087703372516913e-06,
88,good_takamine_EG523SC_mic_to_AJ_JJasmine_JF37CD_mic,good_takamine_EG523SC_to_AJ_JJasmine_JF37CD,mic_to_mic,sweep,10s_excitation,ring,loud,{'ir_length': np.int64(75600)},"{'ir_length': 22050, 'snr': None, 'window_cut': None}","{'ir_length': None, 'window_end': None}",1.8139467918439418e-06,,1.8005534664019124e-06,,1.8101919075729528e-06,,3.3611653138541806e-06,,5.283776403358139e-06,,5.477632526941824e-06,
89,good_takamine_EG523SC_piezo_to_AJ_JJasmine_JF37CD_mic,good_takamine_EG523SC_to_AJ_JJasmine_JF37CD,piezo_to_mic,sweep,10s_excitation,ring,loud,{'ir_length': np.int64(75600)},"{'ir_length': 22050, 'snr': None, 'window_cut': None}","{'ir_length': None, 'window_end': None}",3.6174072555215466e-06,,2.2787935294138004e-06,,2.586441015283416e-06,,2.201922190511854e-06,,2.6518814711860895e-06,,2.5684131549178414e-06,
90,good_takamine_EG523SC_mic_to_AJ_JJasmine_JF37CD_mic,good_takamine_EG523SC_to_AJ_JJasmine_JF37CD,mic_to_mic,sweep,10s_excitation,ring,med,{'ir_length': np.int64(58800)},"{'ir_length': 22050, 'snr': None, 'window_cut': None}","{'ir_length': None, 'window_end': None}",2.018806705597436e-06,,1.7293711601256621e-06,,1.9083193128738803e-06,,3.26881864427085e-06,,4.321778268944763e-06,,5.279146959709662e-06,
91,good_takamine_EG523SC_piezo_to_AJ_JJasmine_JF37CD_mic,good_takamine_EG523SC_to_AJ_JJasmine_JF37CD,piezo_to_mic,sweep,10s_excitation,ring,med,{'ir_length': np.int64(105840)},"{'ir_length': 22050, 'snr': None, 'window_cut': None}","{'ir_length': None, 'window_end': None}",3.5001971834544137e-06,,3.1498205800665527e-06,,2.9777956976065587e-06,,3.6757514979886e-06,,3.2805324877619866e-06,,3.6996492365291436e-06,
92,good_takamine_EG523SC_mic_to_AJ_JJasmine_JF37CD_mic,good_takamine_EG523SC_to_AJ_JJasmine_JF37CD,mic_to_mic,sweep,10s_excitation,no_ring,loud,{'ir_length': np.int64(75600)},"{'ir_length': 22050, 'snr': None, 'window_cut': None}","{'ir_length': None, 'window_end': None}",2.7268450244073264e-06,,4.636818600358941e-06,,1.976270201905102e-06,,4.243796859647857e-06,,3.1685878540670226e-06,,5.7078129863648265e-06,
93,good_takamine_EG523SC_piezo_to_AJ_JJasmine_JF37CD_mic,good_takamine_EG523SC_to_AJ_JJasmine_JF37CD,piezo_to_mic,sweep,10s_excitation,no_ring,loud,{'ir_length': np.int64(58800)},"{'ir_length': 22050, 'snr': None, 'window_cut': None}","{'ir_length': None, 'window_end': None}",4.284572665981189e-06,,3.430060921080422e-06,,1.804950201830096e-06,,2.736890007224637e-06,,3.1716890118028916e-06,,3.801297228368289e-06,
94,good_takamine_EG523SC_mic_to_AJ_JJasmine_JF37CD_mic,good_takamine_EG523SC_to_AJ_JJasmine_JF37CD,mic_to_mic,sweep,10s_excitation,no_ring,med,{'ir_length': np.int64(58800)},"{'ir_length': 22050, 'snr': None, 'window_cut': None}","{'ir_length': None, 'window_end': None}",2.87818739269919e-06,,4.207217960320304e-06,,1.8451382709907016e-06,,3.046836031375189e-06,,3.5864640087846157e-06,,5.9957975947425716e-06,
95,good_takamine_EG523SC_piezo_to_AJ_JJasmine_JF37CD_mic,good_takamine_EG523SC_to_AJ_JJasmine_JF37CD,piezo_to_mic,sweep,10s_excitation,no_ring,med,{'ir_length': np.int64(176400)},"{'ir_length': np.int64(529200), 'snr': None, 'window_cut': None}","{'ir_length': None, 'window_end': None}",6.38857980348771e-06,,2.7584627250737822e-06,,2.3959481019947395e-06,,2.5535127743948785e-06,,1.8617673946263461e-06,,3.7811654768065956e-06,
96,AJ_JJasmine_JF37CD_mic_to_Bird_Aspen_DH37_mic,AJ_JJasmine_JF37CD_to_Bird_Aspen_DH37,mic_to_mic,sweep,3s_excitation,ring,loud,{'ir_length': np.int64(264600)},"{'ir_length': np.int64(264600), 'snr': None, 'window_cut': None}","{'ir_length': None, 'window_end': None}",5.4180921708970215e-06,,3.929782031611167e-06,,8.147263003535246e-06,,2.038994744563201e-06,,2.648226059285074e-06,,2.448177694425263e-06,
97,AJ_JJasmine_JF37CD_piezo_to_Bird_Aspen_DH37_mic,AJ_JJasmine_JF37CD_to_Bird_Aspen_DH37,piezo_to_mic,sweep,3s_excitation,ring,loud,{'ir_length': np.int64(29400)},"{'ir_length': np.int64(264600), 'snr': None, 'window_cut': None}","{'ir_length': None, 'window_end': None}",6.050445781594931e-06,,4.377143162776884e-06,,3.4502946056178348e-06,,3.1453793543509044e-06,,1.9877536535890027e-06,,3.0349782824818215e-06,
98,AJ_JJasmine_JF37CD_mic_to_Bird_Aspen_DH37_mic,AJ_JJasmine_JF37CD_to_Bird_Aspen_DH37,mic_to_mic,sweep,3s_excitation,ring,med,{'ir_length': np.int64(264600)},"{'ir_length': np.int64(264600), 'snr': None, 'window_cut': None}","{'ir_length': None, 'window_end': None}",5.760630045560602e-06,,3.5163667890535173e-06,,7.19956207830446e-06,,2.2832099670949213e-06,,2.6694386087966227e-06,,2.524947353053827e-06,
99,AJ_JJasmine_JF37CD_piezo_to_Bird_Aspen_DH37_mic,AJ_JJasmine_JF37CD_to_Bird_Aspen_DH37,piezo_to_mic,sweep,3s_excitation,ring,med,{'ir_length': np.int64(88200)},"{'ir_length': np.int64(264600), 'snr': None, 'window_cut': None}","{'ir_length': None, 'window_end': None}",5.455810108981131e-06,,4.48726605234899e-06,,3.8480235187145e-06,,3.782112158228821e-06,,2.0704692835127734e-06,,3.0579224891860035e-06,
100,AJ_JJasmine_JF37CD_mic_to_Bird_Aspen_DH37_mic,AJ_JJasmine_JF37CD_to_Bird_Aspen_DH37,mic_to_mic,sweep,3s_excitation,no_ring,loud,{'ir_length': np.int64(264600)},"{'ir_length': np.int64(264600), 'snr': None, 'window_cut': None}","{'ir_length': None, 'window_end': None}",5.715572534124075e-06,,5.096148852882266e-06,,1.0051147896488055e-05,,2.5027276103871667e-06,,2.493766157120572e-06,,2.305066168652769e-06,
101,AJ_JJasmine_JF37CD_piezo_to_Bird_Aspen_DH37_mic,AJ_JJasmine_JF37CD_to_Bird_Aspen_DH37,piezo_to_mic,sweep,3s_excitation,no_ring,loud,{'ir_length': np.int64(132300)},"{'ir_length': np.int64(264600), 'snr': None, 'window_cut': None}","{'ir_length': None, 'window_end': None}",4.5019347095629835e-06,,4.292931607782579e-06,,4.075536763980852e-06,,2.7512184708321886e-06,,2.3721679793877953e-06,,3.011727318970215e-06,
102,AJ_JJasmine_JF37CD_mic_to_Bird_Aspen_DH37_mic,AJ_JJasmine_JF37CD_to_Bird_Aspen_DH37,mic_to_mic,sweep,3s_excitation,no_ring,med,{'ir_length': np.int64(264600)},"{'ir_length': np.int64(264600), 'snr': None, 'window_cut': None}","{'ir_length': None, 'window_end': None}",4.739261003739842e-06,,5.065942150625726e-06,,8.513005704128442e-06,,2.1958208531344554e-06,,2.528621093748032e-06,,2.3609642910856775e-06,
103,AJ_JJasmine_JF37CD_piezo_to_Bird_Aspen_DH37_mic,AJ_JJasmine_JF37CD_to_Bird_Aspen_DH37,piezo_to_mic,sweep,3s_excitation,no_ring,med,{'ir_length': np.int64(264600)},"{'ir_length': np.int64(264600), 'snr': None, 'window_cut': None}","{'ir_length': None, 'window_end': None}",4.481436781700473e-06,,4.143826228362557e-06,,4.073102478574019e-06,,3.914272048233373e-06,,2.2024577898729756e-06,,3.1804945057374787e-06,
104,AJ_JJasmine_JF37CD_mic_to_Bird_Aspen_DH37_mic,AJ_JJasmine_JF37CD_to_Bird_Aspen_DH37,mic_to_mic,sweep,5s_excitation,ring,loud,{'ir_length': np.int64(44100)},"{'ir_length': np.int64(264600), 'snr': None, 'window_cut': None}","{'ir_length': None, 'window_end': None}",5.457324806146156e-06,,3.877216561824953e-06,,9.29363257906384e-06,,2.9690067897568187e-06,,2.8463873914300794e-06,,2.4041067391102066e-06,
105,AJ_JJasmine_JF37CD_piezo_to_Bird_Aspen_DH37_mic,AJ_JJasmine_JF37CD_to_Bird_Aspen_DH37,piezo_to_mic,sweep,5s_excitation,ring,loud,{'ir_length': np.int64(132300)},"{'ir_length': np.int64(264600), 'snr': None, 'window_cut': None}","{'ir_length': None, 'window_end': None}",5.690824585202953e-06,,4.752222714397912e-06,,3.5397744889131517e-06,,3.04452119153082e-06,,1.9958109297624658e-06,,3.050888378904709e-06,
106,AJ_JJasmine_JF37CD_mic_to_Bird_Aspen_DH37_mic,AJ_JJasmine_JF37CD_to_Bird_Aspen_DH37,mic_to_mic,sweep,5s_excitation,ring,med,{'ir_length': np.int64(264600)},"{'ir_length': np.int64(264600), 'snr': None, 'window_cut': None}","{'ir_length': None, 'window_end': None}",5.411116526884635e-06,,2.9961547898379362e-06,,7.827318587250332e-06,,2.05050694044845e-06,,2.798275380447148e-06,,2.463367039402397e-06,
107,AJ_JJasmine_JF37CD_piezo_to_Bird_Aspen_DH37_mic,AJ_JJasmine_JF37CD_to_Bird_Aspen_DH37,piezo_to_mic,sweep,5s_excitation,ring,med,{'ir_length': np.int64(52920)},"{'ir_length': np.int64(88200), 'snr': None, 'window_cut': None}","{'ir_length': None, 'window_end': None}",4.23042951760823e-06,,4.647069911983734e-06,,3.552923881347156e-06,,3.3083566671795947e-06,,2.015668304760523e-06,,3.119666002983287e-06,
108,AJ_JJasmine_JF37CD_mic_to_Bird_Aspen_DH37_mic,AJ_JJasmine_JF37CD_to_Bird_Aspen_DH37,mic_to_mic,sweep,5s_excitation,no_ring,loud,{'ir_length': np.int64(264600)},"{'ir_length': np.int64(264600), 'snr': None, 'window_cut': None}","{'ir_length': None, 'window_end': None}",6.306693721506362e-06,,4.593645017738029e-06,,9.174250830759743e-06,,1.9809234066269818e-06,,2.6760092422704214e-06,,2.2380745191783434e-06,
109,AJ_JJasmine_JF37CD_piezo_to_Bird_Aspen_DH37_mic,AJ_JJasmine_JF37CD_to_Bird_Aspen_DH37,piezo_to_mic,sweep,5s_excitation,no_ring,loud,{'ir_length': np.int64(88200)},"{'ir_length': np.int64(264600), 'snr': None, 'window_cut': None}","{'ir_length': None, 'window_end': None}",5.026398372028977e-06,,4.016527673784749e-06,,4.059824107508356e-06,,2.277095227750103e-06,,2.129450239826668e-06,,2.87267338081342e-06,
110,AJ_JJasmine_JF37CD_mic_to_Bird_Aspen_DH37_mic,AJ_JJasmine_JF37CD_to_Bird_Aspen_DH37,mic_to_mic,sweep,5s_excitation,no_ring,med,{'ir_length': np.int64(33075)},"{'ir_length': np.int64(264600), 'snr': None, 'window_cut': None}","{'ir_length': None, 'window_end': None}",4.554105918250557e-06,,5.957375917276907e-06,,8.487011520318037e-06,,2.8460016530158093e-06,,2.4280262876751726e-06,,2.3273014940148987e-06,
111,AJ_JJasmine_JF37CD_piezo_to_Bird_Aspen_DH37_mic,AJ_JJasmine_JF37CD_to_Bird_Aspen_DH37,piezo_to_mic,sweep,5s_excitation,no_ring,med,{'ir_length': np.int64(264600)},"{'ir_length': np.int64(264600), 'snr': None, 'window_cut': None}","{'ir_length': None, 'window_end': None}",4.420010735893908e-06,,4.097452284777808e-06,,4.1323291973932886e-06,,3.6904451201284445e-06,,2.2022431336819466e-06,,3.1268425796185046e-06,
112,AJ_JJasmine_JF37CD_mic_to_Bird_Aspen_DH37_mic,AJ_JJasmine_JF37CD_to_Bird_Aspen_DH37,mic_to_mic,sweep,10s_excitation,ring,loud,{'ir_length': np.int64(529200)},"{'ir_length': np.int64(529200), 'snr': None, 'window_cut': None}","{'ir_length': None, 'window_end': None}",4.877026646289152e-06,,2.7066513508014577e-06,,6.354250945283521e-06,,2.119646190579443e-06,,2.7396701138901055e-06,,3.206573769726968e-06,
113,AJ_JJasmine_JF37CD_piezo_to_Bird_Aspen_DH37_mic,AJ_JJasmine_JF37CD_to_Bird_Aspen_DH37,piezo_to_mic,sweep,10s_excitation,ring,loud,{'ir_length': np.int64(529200)},"{'ir_length': np.int64(529200), 'snr': None, 'window_cut': None}","{'ir_length': None, 'window_end': None}",4.127754950586976e-06,,2.8909970372075367e-06,,2.2979156221915215e-06,,3.1836948042599137e-06,,2.0179648231918428e-06,,3.943463837491207e-06,
114,AJ_JJasmine_JF37CD_mic_to_Bird_Aspen_DH37_mic,AJ_JJasmine_JF37CD_to_Bird_Aspen_DH37,mic_to_mic,sweep,10s_excitation,ring,med,{'ir_length': np.int64(529200)},"{'ir_length': np.int64(529200), 'snr': None, 'window_cut': None}","{'ir_length': None, 'window_end': None}",2.9377779619292532e-06,,2.817375655244276e-06,,4.607279085921739e-06,,2.2490194127580925e-06,,2.27090015167657e-06,,3.4066133953174757e-06,
115,AJ_JJasmine_JF37CD_piezo_to_Bird_Aspen_DH37_mic,AJ_JJasmine_JF37CD_to_Bird_Aspen_DH37,piezo_to_mic,sweep,10s_excitation,ring,med,{'ir_length': np.int64(529200)},"{'ir_length': np.int64(529200), 'snr': None, 'window_cut': None}","{'ir_length': None, 'window_end': None}",3.6158725910345854e-06,,2.7067777565084695e-06,,2.3947196176967706e-06,,2.6528490841056335e-06,,1.987090562396698e-06,,3.506879569577015e-06,
116,AJ_JJasmine_JF37CD_mic_to_Bird_Aspen_DH37_mic,AJ_JJasmine_JF37CD_to_Bird_Aspen_DH37,mic_to_mic,sweep,10s_excitation,no_ring,loud,{'ir_length': np.int64(529200)},"{'ir_length': np.int64(529200), 'snr': None, 'window_cut': None}","{'ir_length': None, 'window_end': None}",5.0084054322178395e-06,,2.6683827950193413e-06,,7.717735055330677e-06,,2.3715486948929463e-06,,2.829574256240706e-06,,2.8837463635043244e-06,
117,AJ_JJasmine_JF37CD_piezo_to_Bird_Aspen_DH37_mic,AJ_JJasmine_JF37CD_to_Bird_Aspen_DH37,piezo_to_mic,sweep,10s_excitation,no_ring,loud,{'ir_length': np.int64(264600)},"{'ir_length': np.int64(529200), 'snr': None, 'window_cut': None}","{'ir_length': None, 'window_end': None}",4.121888296175248e-06,,3.528120088003704e-06,,3.087968506502511e-06,,2.5254656984840227e-06,,2.049596420591343e-06,,2.5149793554130893e-06,
118,AJ_JJasmine_JF37CD_mic_to_Bird_Aspen_DH37_mic,AJ_JJasmine_JF37CD_to_Bird_Aspen_DH37,mic_to_mic,sweep,10s_excitation,no_ring,med,{'ir_length': np.int64(529200)},"{'ir_length': np.int64(529200), 'snr': None, 'window_cut': None}","{'ir_length': None, 'window_end': None}",4.101063415351175e-06,,2.567736567083881e-06,,6.939302639984116e-06,,2.078071818277433e-06,,2.7829383269206774e-06,,2.7640725278376795e-06,
119,AJ_JJasmine_JF37CD_piezo_to_Bird_Aspen_DH37_mic,AJ_JJasmine_JF37CD_to_Bird_Aspen_DH37,piezo_to_mic,sweep,10s_excitation,no_ring,med,{'ir_length': np.int64(529200)},"{'ir_length': np.int64(529200), 'snr': None, 'window_cut': None}","{'ir_length': None, 'window_end': None}",5.021843224065746e-06,,3.7588688858262123e-06,,3.407443777509362e-06,,2.8897714779364072e-06,,2.1737148507475446e-06,,3.3699078966752877e-06,
120,AJ_JJasmine_JF37CD_mic_to_good_takamine_EG523SC_mic,AJ_JJasmine_JF37CD_to_good_takamine_EG523SC,mic_to_mic,sweep,3s_excitation,ring,loud,{'ir_length': np.int64(264600)},"{'ir_length': np.int64(264600), 'snr': None, 'window_cut': None}","{'ir_length': None, 'window_end': None}",4.0433939570785395e-06,,2.7225908990507234e-06,,2.193113714976289e-06,,1.817242703119241e-06,,2.1253280984314933e-06,,4.491252245647666e-06,
121,AJ_JJasmine_JF37CD_piezo_to_good_takamine_EG523SC_mic,AJ_JJasmine_JF37CD_to_good_takamine_EG523SC,piezo_to_mic,sweep,3s_excitation,ring,loud,{'ir_length': np.int64(264600)},"{'ir_length': np.int64(264600), 'snr': None, 'window_cut': None}","{'ir_length': None, 'window_end': None}",3.320767774225711e-06,,2.1677414985018043e-06,,2.6283712494834524e-06,,2.6670294086654685e-06,,2.1548028038264964e-06,,4.85613271678798e-06,
122,AJ_JJasmine_JF37CD_mic_to_good_takamine_EG523SC_mic,AJ_JJasmine_JF37CD_to_good_takamine_EG523SC,mic_to_mic,sweep,3s_excitation,ring,med,{'ir_length': np.int64(264600)},"{'ir_length': np.int64(264600), 'snr': None, 'window_cut': None}","{'ir_length': None, 'window_end': None}",2.6755425847108664e-06,,2.1589390272962053e-06,,1.9874462709187052e-06,,1.7966804778570122e-06,,2.0798049024541e-06,,4.387906406108308e-06,
123,AJ_JJasmine_JF37CD_piezo_to_good_takamine_EG523SC_mic,AJ_JJasmine_JF37CD_to_good_takamine_EG523SC,piezo_to_mic,sweep,3s_excitation,ring,med,{'ir_length': np.int64(264600)},"{'ir_length': np.int64(264600), 'snr': None, 'window_cut': None}","{'ir_length': None, 'window_end': None}",5.5461258618889135e-06,,2.2347946634720684e-06,,2.764931216410648e-06,,2.289676375466619e-06,,2.278289469721576e-06,,4.683056358754965e-06,
124,AJ_JJasmine_JF37CD_mic_to_good_takamine_EG523SC_mic,AJ_JJasmine_JF37CD_to_good_takamine_EG523SC,mic_to_mic,sweep,3s_excitation,no_ring,loud,{'ir_length': np.int64(264600)},"{'ir_length': np.int64(264600), 'snr': None, 'window_cut': None}","{'ir_length': None, 'window_end': None}",4.156915596286689e-06,,2.782247418363701e-06,,2.180506224238129e-06,,1.4854453912933764e-06,,2.0771185403878457e-06,,3.927005558979634e-06,
125,AJ_JJasmine_JF37CD_piezo_to_good_takamine_EG523SC_mic,AJ_JJasmine_JF37CD_to_good_takamine_EG523SC,piezo_to_mic,sweep,3s_excitation,no_ring,loud,{'ir_length': np.int64(132300)},"{'ir_length': np.int64(264600), 'snr': None, 'window_cut': None}","{'ir_length': None, 'window_end': None}",6.71334487830232e-06,,5.902950793939606e-06,,4.088782241092274e-06,,2.3133002669088925e-06,,4.216825188619072e-06,,5.761031306359184e-06,
126,AJ_JJasmine_JF37CD_mic_to_good_takamine_EG523SC_mic,AJ_JJasmine_JF37CD_to_good_takamine_EG523SC,mic_to_mic,sweep,3s_excitation,no_ring,med,{'ir_length': np.int64(264600)},"{'ir_length': np.int64(264600), 'snr': None, 'window_cut': None}","{'ir_length': None, 'window_end': None}",2.7523945666649345e-06,,2.203639134407726e-06,,1.969406211549886e-06,,1.4443777224206677e-06,,2.042600139175736e-06,,3.969967419730902e-06,
127,AJ_JJasmine_JF37CD_piezo_to_good_takamine_EG523SC_mic,AJ_JJasmine_JF37CD_to_good_takamine_EG523SC,piezo_to_mic,sweep,3s_excitation,no_ring,med,{'ir_length': np.int64(29400)},"{'ir_length': np.int64(264600), 'snr': None, 'window_cut': None}","{'ir_length': None, 'window_end': None}",7.225281845409061e-06,,5.289497359822384e-06,,3.604776076331094e-06,,5.001469395606723e-06,,3.921084643760506e-06,,5.655590716757096e-06,
128,AJ_JJasmine_JF37CD_mic_to_good_takamine_EG523SC_mic,AJ_JJasmine_JF37CD_to_good_takamine_EG523SC,mic_to_mic,sweep,5s_excitation,ring,loud,{'ir_length': np.int64(264600)},"{'ir_length': np.int64(264600), 'snr': None, 'window_cut': None}","{'ir_length': None, 'window_end': None}",3.3059135490843627e-06,,2.4292081787941004e-06,,2.151474057437658e-06,,1.7929275929400574e-06,,2.100633498683347e-06,,4.337770700245018e-06,
129,AJ_JJasmine_JF37CD_piezo_to_good_takamine_EG523SC_mic,AJ_JJasmine_JF37CD_to_good_takamine_EG523SC,piezo_to_mic,sweep,5s_excitation,ring,loud,{'ir_length': np.int64(264600)},"{'ir_length': np.int64(264600), 'snr': None, 'window_cut': None}","{'ir_length': None, 'window_end': None}",3.2573517966488886e-06,,2.101041328729137e-06,,2.6898653422528158e-06,,2.0866356277128784e-06,,2.3119041009160453e-06,,5.3039830375135744e-06,
130,AJ_JJasmine_JF37CD_mic_to_good_takamine_EG523SC_mic,AJ_JJasmine_JF37CD_to_good_takamine_EG523SC,mic_to_mic,sweep,5s_excitation,ring,med,{'ir_length': np.int64(264600)},"{'ir_length': np.int64(264600), 'snr': None, 'window_cut': None}","{'ir_length': None, 'window_end': None}",2.80428893466729e-06,,2.2401312288606665e-06,,1.9929393006884805e-06,,1.7721773213776648e-06,,2.036763778370917e-06,,4.30373794093692e-06,
131,AJ_JJasmine_JF37CD_piezo_to_good_takamine_EG523SC_mic,AJ_JJasmine_JF37CD_to_good_takamine_EG523SC,piezo_to_mic,sweep,5s_excitation,ring,med,{'ir_length': np.int64(264600)},"{'ir_length': np.int64(264600), 'snr': None, 'window_cut': None}","{'ir_length': None, 'window_end': None}",4.354832576725668e-06,,2.142694942051646e-06,,2.697538118858637e-06,,2.526488405182108e-06,,2.032778544687344e-06,,4.780192034924189e-06,
132,AJ_JJasmine_JF37CD_mic_to_good_takamine_EG523SC_mic,AJ_JJasmine_JF37CD_to_good_takamine_EG523SC,mic_to_mic,sweep,5s_excitation,no_ring,loud,{'ir_length': np.int64(264600)},"{'ir_length': np.int64(264600), 'snr': None, 'window_cut': None}","{'ir_length': None, 'window_end': None}",5.048635698413521e-06,,2.7340132978679054e-06,,2.0369325237546516e-06,,1.1747168092865869e-06,,2.3359767457928245e-06,,4.017289835376277e-06,
133,AJ_JJasmine_JF37CD_piezo_to_good_takamine_EG523SC_mic,AJ_JJasmine_JF37CD_to_good_takamine_EG523SC,piezo_to_mic,sweep,5s_excitation,no_ring,loud,{'ir_length': np.int64(66150)},"{'ir_length': np.int64(264600), 'snr': None, 'window_cut': None}","{'ir_length': None, 'window_end': None}",6.755912173954724e-06,,5.713601209647315e-06,,3.453018514234823e-06,,4.616166012728506e-06,,4.2282074127517195e-06,,5.9579745774184825e-06,
134,AJ_JJasmine_JF37CD_mic_to_good_takamine_EG523SC_mic,AJ_JJasmine_JF37CD_to_good_takamine_EG523SC,mic_to_mic,sweep,5s_excitation,no_ring,med,{'ir_length': np.int64(264600)},"{'ir_length': np.int64(264600), 'snr': None, 'window_cut': None}","{'ir_length': None, 'window_end': None}",3.1028899405932266e-06,,2.1698640500064912e-06,,1.953061199514907e-06,,1.3232946072583992e-06,,2.510141188451416e-06,,4.020481395851447e-06,
135,AJ_JJasmine_JF37CD_piezo_to_good_takamine_EG523SC_mic,AJ_JJasmine_JF37CD_to_good_takamine_EG523SC,piezo_to_mic,sweep,5s_excitation,no_ring,med,{'ir_length': np.int64(52920)},"{'ir_length': np.int64(264600), 'snr': None, 'window_cut': None}","{'ir_length': None, 'window_end': None}",6.7045829682781675e-06,,5.158834605469561e-06,,3.601127520844635e-06,,4.268205988165258e-06,,3.936878876728913e-06,,5.600848475760099e-06,
136,AJ_JJasmine_JF37CD_mic_to_good_takamine_EG523SC_mic,AJ_JJasmine_JF37CD_to_good_takamine_EG523SC,mic_to_mic,sweep,10s_excitation,ring,loud,{'ir_length': np.int64(529200)},"{'ir_length': np.int64(529200), 'snr': None, 'window_cut': None}","{'ir_length': None, 'window_end': None}",4.971692635547317e-06,,2.1248519534671267e-06,,2.0028557103411463e-06,,1.535431156145371e-06,,1.9261977900695775e-06,,4.442216511758908e-06,
137,AJ_JJasmine_JF37CD_piezo_to_good_takamine_EG523SC_mic,AJ_JJasmine_JF37CD_to_good_takamine_EG523SC,piezo_to_mic,sweep,10s_excitation,ring,loud,{'ir_length': np.int64(529200)},"{'ir_length': np.int64(529200), 'snr': None, 'window_cut': None}","{'ir_length': None, 'window_end': None}",3.190990124449549e-06,,2.374262363672389e-06,,1.7598004071280872e-06,,1.913377108766355e-06,,2.627258881869042e-06,,3.2958732655972975e-06,
138,AJ_JJasmine_JF37CD_mic_to_good_takamine_EG523SC_mic,AJ_JJasmine_JF37CD_to_good_takamine_EG523SC,mic_to_mic,sweep,10s_excitation,ring,med,{'ir_length': np.int64(529200)},"{'ir_length': np.int64(529200), 'snr': None, 'window_cut': None}","{'ir_length': None, 'window_end': None}",2.7944902136281923e-06,,2.0887845121021746e-06,,1.8934260379670303e-06,,1.5531918834396341e-06,,1.7316837551474518e-06,,4.078586416666107e-06,
139,AJ_JJasmine_JF37CD_piezo_to_good_takamine_EG523SC_mic,AJ_JJasmine_JF37CD_to_good_takamine_EG523SC,piezo_to_mic,sweep,10s_excitation,ring,med,{'ir_length': np.int64(529200)},"{'ir_length': np.int64(529200), 'snr': None, 'window_cut': None}","{'ir_length': None, 'window_end': None}",2.6890374746352385e-06,,2.333018431154e-06,,1.7762173681785416e-06,,1.7928739284243725e-06,,2.5973033072507043e-06,,3.408721190798155e-06,
140,AJ_JJasmine_JF37CD_mic_to_good_takamine_EG523SC_mic,AJ_JJasmine_JF37CD_to_good_takamine_EG523SC,mic_to_mic,sweep,10s_excitation,no_ring,loud,{'ir_length': np.int64(529200)},"{'ir_length': np.int64(529200), 'snr': None, 'window_cut': None}","{'ir_length': None, 'window_end': None}",3.5398050749301662e-06,,2.3192411242410523e-06,,2.1167830789518258e-06,,1.5356521694478191e-06,,2.2891616048099148e-06,,3.7448881238994687e-06,
141,AJ_JJasmine_JF37CD_piezo_to_good_takamine_EG523SC_mic,AJ_JJasmine_JF37CD_to_good_takamine_EG523SC,piezo_to_mic,sweep,10s_excitation,no_ring,loud,{'ir_length': np.int64(132300)},"{'ir_length': np.int64(529200), 'snr': None, 'window_cut': None}","{'ir_length': None, 'window_end': None}",5.911079088658997e-06,,2.7266734243209686e-06,,2.3960273660493697e-06,,2.0983093578901086e-06,,2.8243961412627567e-06,,4.186952334939731e-06,
142,AJ_JJasmine_JF37CD_mic_to_good_takamine_EG523SC_mic,AJ_JJasmine_JF37CD_to_good_takamine_EG523SC,mic_to_mic,sweep,10s_excitation,no_ring,med,{'ir_length': np.int64(529200)},"{'ir_length': np.int64(529200), 'snr': None, 'window_cut': None}","{'ir_length': None, 'window_end': None}",2.575141513325784e-06,,1.939716999305585e-06,,1.9041883035185302e-06,,1.5110809385632586e-06,,2.0270295730119515e-06,,3.880671996358428e-06,
143,AJ_JJasmine_JF37CD_piezo_to_good_takamine_EG523SC_mic,AJ_JJasmine_JF37CD_to_good_takamine_EG523SC,piezo_to_mic,sweep,10s_excitation,no_ring,med,{'ir_length': np.int64(132300)},"{'ir_length': np.int64(529200), 'snr': None, 'window_cut': None}","{'ir_length': None, 'window_end': None}",5.463272675513261e-06,,2.6483512084297874e-06,,2.545862139941434e-06,,3.8880627650179914e-06,,2.655365964982766e-06,,4.2588845680432105e-06,
